Name	Start	End

polyA	19	47
polyA	20	46
polyA	20	47
polyA	20	48
polyA	21	46
polyA	21	47
polyA	21	48
polyA	21	49
polyA	22	46
polyA	22	47
polyA	22	48
polyA	22	49
polyA	22	50
polyA	23	45
polyA	23	46
polyA	23	47
polyA	23	48
polyA	23	49
polyA	23	50
polyA	23	51
polyA	24	45
polyA	24	46
polyA	24	47
polyA	24	48
polyA	24	49
polyA	24	50
polyA	24	51
polyA	24	52
polyA	25	44
polyA	25	45
polyA	25	46
polyA	25	47
polyA	25	48
polyA	25	49
polyA	25	50
polyA	25	51
polyA	25	52
polyA	25	53
polyA	26	44
polyA	26	45
polyA	26	46
polyA	26	47
polyA	26	48
polyA	26	49
polyA	26	50
polyA	26	51
polyA	26	52
polyA	26	53
polyA	26	54
polyA	27	43
polyA	27	44
polyA	27	45
polyA	27	46
polyA	27	47
polyA	27	48
polyA	27	49
polyA	27	50
polyA	27	51
polyA	27	52
polyA	27	53
polyA	27	54
polyA	27	55
polyA	28	43
polyA	28	44
polyA	28	45
polyA	28	46
polyA	28	47
polyA	28	48
polyA	28	49
polyA	28	50
polyA	28	51
polyA	28	52
polyA	28	53
polyA	28	54
polyA	28	55
polyA	28	56
polyA	29	42
polyA	29	43
polyA	29	44
polyA	29	45
polyA	29	46
polyA	29	47
polyA	29	48
polyA	29	49
polyA	29	50
polyA	29	51
polyA	29	52
polyA	29	53
polyA	29	54
polyA	29	55
polyA	29	56
polyA	29	57
polyA	30	41
polyA	30	42
polyA	30	43
polyA	30	44
polyA	30	45
polyA	30	46
polyA	30	47
polyA	30	48
polyA	30	49
polyA	30	50
polyA	30	51
polyA	30	52
polyA	30	53
polyA	30	54
polyA	30	55
polyA	30	56
polyA	30	57
polyA	30	58
polyA	31	42
polyA	31	43
polyA	31	44
polyA	31	45
polyA	31	46
polyA	31	47
polyA	31	48
polyA	31	49
polyA	31	50
polyA	31	51
polyA	31	52
polyA	31	53
polyA	31	54
polyA	31	55
polyA	31	56
polyA	31	57
polyA	31	58
polyA	31	59
polyA	32	43
polyA	32	44
polyA	32	45
polyA	32	46
polyA	32	47
polyA	32	48
polyA	32	49
polyA	32	50
polyA	32	51
polyA	32	52
polyA	32	53
polyA	32	54
polyA	32	55
polyA	32	56
polyA	32	57
polyA	32	58
polyA	32	59
polyA	33	44
polyA	33	45
polyA	33	46
polyA	33	47
polyA	33	48
polyA	33	49
polyA	33	50
polyA	33	51
polyA	33	52
polyA	33	53
polyA	33	54
polyA	33	55
polyA	33	56
polyA	34	45
polyA	34	46
polyA	34	47
polyA	34	48
polyA	34	49
polyA	34	50
polyA	34	51
polyA	34	52
polyA	34	53
polyA	35	46
polyA	35	47
polyA	35	48
polyA	35	49
polyA	35	50
polyA	35	51
polyA	36	47
polyA	36	48
polyA	36	49
polyA	37	48
polyA	62	89
polyA	62	90
polyA	63	89
polyA	63	90
polyA	63	91
polyA	64	89
polyA	64	90
polyA	64	91
polyA	64	92
polyA	65	88
polyA	65	89
polyA	65	90
polyA	65	91
polyA	65	92
polyA	65	93
polyA	66	88
polyA	66	89
polyA	66	90
polyA	66	91
polyA	66	92
polyA	66	93
polyA	66	94
polyA	67	88
polyA	67	89
polyA	67	90
polyA	67	91
polyA	67	92
polyA	67	93
polyA	67	94
polyA	67	95
polyA	68	87
polyA	68	88
polyA	68	89
polyA	68	90
polyA	68	91
polyA	68	92
polyA	68	93
polyA	68	94
polyA	68	95
polyA	68	96
polyA	69	87
polyA	69	88
polyA	69	89
polyA	69	90
polyA	69	91
polyA	69	92
polyA	69	93
polyA	69	94
polyA	69	95
polyA	69	96
polyA	69	97
polyA	70	88
polyA	70	89
polyA	70	90
polyA	70	91
polyA	70	92
polyA	70	93
polyA	70	94
polyA	70	95
polyA	70	96
polyA	70	97
polyA	70	98
polyA	71	87
polyA	71	88
polyA	71	89
polyA	71	90
polyA	71	91
polyA	71	92
polyA	71	93
polyA	71	94
polyA	71	95
polyA	71	96
polyA	71	97
polyA	71	98
polyA	71	99
polyA	72	87
polyA	72	88
polyA	72	89
polyA	72	90
polyA	72	91
polyA	72	92
polyA	72	93
polyA	72	94
polyA	72	95
polyA	72	96
polyA	72	97
polyA	72	98
polyA	72	99
polyA	72	100
polyA	73	86
polyA	73	87
polyA	73	88
polyA	73	89
polyA	73	90
polyA	73	91
polyA	73	92
polyA	73	93
polyA	73	94
polyA	73	95
polyA	73	96
polyA	73	97
polyA	73	98
polyA	73	99
polyA	73	100
polyA	73	101
polyA	74	85
polyA	74	86
polyA	74	87
polyA	74	88
polyA	74	89
polyA	74	90
polyA	74	91
polyA	74	92
polyA	74	93
polyA	74	94
polyA	74	95
polyA	74	96
polyA	74	97
polyA	74	98
polyA	74	99
polyA	74	100
polyA	74	101
polyA	74	102
polyA	75	86
polyA	75	87
polyA	75	88
polyA	75	89
polyA	75	90
polyA	75	91
polyA	75	92
polyA	75	93
polyA	75	94
polyA	75	95
polyA	75	96
polyA	75	97
polyA	75	98
polyA	75	99
polyA	75	100
polyA	75	101
polyA	75	102
polyA	75	103
polyA	76	87
polyA	76	88
polyA	76	89
polyA	76	90
polyA	76	91
polyA	76	92
polyA	76	93
polyA	76	94
polyA	76	95
polyA	76	96
polyA	76	97
polyA	76	98
polyA	76	99
polyA	76	100
polyA	76	101
polyA	76	102
polyA	76	103
polyA	76	104
polyA	77	88
polyA	77	89
polyA	77	90
polyA	77	91
polyA	77	92
polyA	77	93
polyA	77	94
polyA	77	95
polyA	77	96
polyA	77	97
polyA	77	98
polyA	77	99
polyA	77	100
polyA	77	101
polyA	77	102
polyA	77	103
polyA	77	104
polyA	77	105
polyA	78	89
polyA	78	90
polyA	78	91
polyA	78	92
polyA	78	93
polyA	78	94
polyA	78	95
polyA	78	96
polyA	78	97
polyA	78	98
polyA	78	99
polyA	78	100
polyA	78	101
polyA	78	102
polyA	78	103
polyA	78	104
polyA	78	105
polyA	78	106
polyA	79	90
polyA	79	91
polyA	79	92
polyA	79	93
polyA	79	94
polyA	79	95
polyA	79	96
polyA	79	97
polyA	79	98
polyA	79	99
polyA	79	100
polyA	79	101
polyA	79	102
polyA	79	103
polyA	79	104
polyA	79	105
polyA	79	106
polyA	79	107
polyA	80	91
polyA	80	92
polyA	80	93
polyA	80	94
polyA	80	95
polyA	80	96
polyA	80	97
polyA	80	98
polyA	80	99
polyA	80	100
polyA	80	101
polyA	80	102
polyA	80	103
polyA	80	104
polyA	80	105
polyA	80	106
polyA	80	107
polyA	80	108
polyA	81	92
polyA	81	93
polyA	81	94
polyA	81	95
polyA	81	96
polyA	81	97
polyA	81	98
polyA	81	99
polyA	81	100
polyA	81	101
polyA	81	102
polyA	81	103
polyA	81	104
polyA	81	105
polyA	81	106
polyA	81	107
polyA	81	108
polyA	81	109
polyA	82	93
polyA	82	94
polyA	82	95
polyA	82	96
polyA	82	97
polyA	82	98
polyA	82	99
polyA	82	100
polyA	82	101
polyA	82	102
polyA	82	103
polyA	82	104
polyA	82	105
polyA	82	106
polyA	82	107
polyA	82	108
polyA	82	109
polyA	82	110
polyA	83	94
polyA	83	95
polyA	83	96
polyA	83	97
polyA	83	98
polyA	83	99
polyA	83	100
polyA	83	101
polyA	83	102
polyA	83	103
polyA	83	104
polyA	83	105
polyA	83	106
polyA	83	107
polyA	83	108
polyA	83	109
polyA	83	110
polyA	83	111
polyA	84	95
polyA	84	96
polyA	84	97
polyA	84	98
polyA	84	99
polyA	84	100
polyA	84	101
polyA	84	102
polyA	84	103
polyA	84	104
polyA	84	105
polyA	84	106
polyA	84	107
polyA	84	108
polyA	84	109
polyA	84	110
polyA	84	111
polyA	84	112
polyA	85	96
polyA	85	97
polyA	85	98
polyA	85	99
polyA	85	100
polyA	85	101
polyA	85	102
polyA	85	103
polyA	85	104
polyA	85	105
polyA	85	106
polyA	85	107
polyA	85	108
polyA	85	109
polyA	85	110
polyA	85	111
polyA	85	112
polyA	85	113
polyA	86	97
polyA	86	98
polyA	86	99
polyA	86	100
polyA	86	101
polyA	86	102
polyA	86	103
polyA	86	104
polyA	86	105
polyA	86	106
polyA	86	107
polyA	86	108
polyA	86	109
polyA	86	110
polyA	86	111
polyA	86	112
polyA	86	113
polyA	86	114
polyA	87	98
polyA	87	99
polyA	87	100
polyA	87	101
polyA	87	102
polyA	87	103
polyA	87	104
polyA	87	105
polyA	87	106
polyA	87	107
polyA	87	108
polyA	87	109
polyA	87	110
polyA	87	111
polyA	87	112
polyA	87	113
polyA	87	114
polyA	87	115
polyA	88	99
polyA	88	100
polyA	88	101
polyA	88	102
polyA	88	103
polyA	88	104
polyA	88	105
polyA	88	106
polyA	88	107
polyA	88	108
polyA	88	109
polyA	88	110
polyA	88	111
polyA	88	112
polyA	88	113
polyA	88	114
polyA	88	115
polyA	88	116
polyA	89	100
polyA	89	101
polyA	89	102
polyA	89	103
polyA	89	104
polyA	89	105
polyA	89	106
polyA	89	107
polyA	89	108
polyA	89	109
polyA	89	110
polyA	89	111
polyA	89	112
polyA	89	113
polyA	89	114
polyA	89	115
polyA	89	116
polyA	89	117
polyA	90	101
polyA	90	102
polyA	90	103
polyA	90	104
polyA	90	105
polyA	90	106
polyA	90	107
polyA	90	108
polyA	90	109
polyA	90	110
polyA	90	111
polyA	90	112
polyA	90	113
polyA	90	114
polyA	90	115
polyA	90	116
polyA	90	117
polyA	90	118
polyA	91	102
polyA	91	103
polyA	91	104
polyA	91	105
polyA	91	106
polyA	91	107
polyA	91	108
polyA	91	109
polyA	91	110
polyA	91	111
polyA	91	112
polyA	91	113
polyA	91	114
polyA	91	115
polyA	91	116
polyA	91	117
polyA	91	118
polyA	91	119
polyA	92	103
polyA	92	104
polyA	92	105
polyA	92	106
polyA	92	107
polyA	92	108
polyA	92	109
polyA	92	110
polyA	92	111
polyA	92	112
polyA	92	113
polyA	92	114
polyA	92	115
polyA	92	116
polyA	92	117
polyA	92	118
polyA	92	119
polyA	92	120
polyA	93	104
polyA	93	105
polyA	93	106
polyA	93	107
polyA	93	108
polyA	93	109
polyA	93	110
polyA	93	111
polyA	93	112
polyA	93	113
polyA	93	114
polyA	93	115
polyA	93	116
polyA	93	117
polyA	93	118
polyA	93	119
polyA	93	120
polyA	93	121
polyA	94	105
polyA	94	106
polyA	94	107
polyA	94	108
polyA	94	109
polyA	94	110
polyA	94	111
polyA	94	112
polyA	94	113
polyA	94	114
polyA	94	115
polyA	94	116
polyA	94	117
polyA	94	118
polyA	94	119
polyA	94	120
polyA	94	121
polyA	94	122
polyA	95	106
polyA	95	107
polyA	95	108
polyA	95	109
polyA	95	110
polyA	95	111
polyA	95	112
polyA	95	113
polyA	95	114
polyA	95	115
polyA	95	116
polyA	95	117
polyA	95	118
polyA	95	119
polyA	95	120
polyA	95	121
polyA	95	122
polyA	95	123
polyA	96	107
polyA	96	108
polyA	96	109
polyA	96	110
polyA	96	111
polyA	96	112
polyA	96	113
polyA	96	114
polyA	96	115
polyA	96	116
polyA	96	117
polyA	96	118
polyA	96	119
polyA	96	120
polyA	96	121
polyA	96	122
polyA	96	123
polyA	96	124
polyA	97	108
polyA	97	109
polyA	97	110
polyA	97	111
polyA	97	112
polyA	97	113
polyA	97	114
polyA	97	115
polyA	97	116
polyA	97	117
polyA	97	118
polyA	97	119
polyA	97	120
polyA	97	121
polyA	97	122
polyA	97	123
polyA	97	124
polyA	97	125
polyA	98	109
polyA	98	110
polyA	98	111
polyA	98	112
polyA	98	113
polyA	98	114
polyA	98	115
polyA	98	116
polyA	98	117
polyA	98	118
polyA	98	119
polyA	98	120
polyA	98	121
polyA	98	122
polyA	98	123
polyA	98	124
polyA	98	125
polyA	98	126
polyA	99	110
polyA	99	111
polyA	99	112
polyA	99	113
polyA	99	114
polyA	99	115
polyA	99	116
polyA	99	117
polyA	99	118
polyA	99	119
polyA	99	120
polyA	99	121
polyA	99	122
polyA	99	123
polyA	99	124
polyA	99	125
polyA	99	126
polyA	99	127
polyA	100	111
polyA	100	112
polyA	100	113
polyA	100	114
polyA	100	115
polyA	100	116
polyA	100	117
polyA	100	118
polyA	100	119
polyA	100	120
polyA	100	121
polyA	100	122
polyA	100	123
polyA	100	124
polyA	100	125
polyA	100	126
polyA	100	127
polyA	100	128
polyA	101	112
polyA	101	113
polyA	101	114
polyA	101	115
polyA	101	116
polyA	101	117
polyA	101	118
polyA	101	119
polyA	101	120
polyA	101	121
polyA	101	122
polyA	101	123
polyA	101	124
polyA	101	125
polyA	101	126
polyA	101	127
polyA	101	128
polyA	102	113
polyA	102	114
polyA	102	115
polyA	102	116
polyA	102	117
polyA	102	118
polyA	102	119
polyA	102	120
polyA	102	121
polyA	102	122
polyA	102	123
polyA	102	124
polyA	102	125
polyA	102	126
polyA	102	127
polyA	102	128
polyA	103	114
polyA	103	115
polyA	103	116
polyA	103	117
polyA	103	118
polyA	103	119
polyA	103	120
polyA	103	121
polyA	103	122
polyA	103	123
polyA	103	124
polyA	103	125
polyA	103	126
polyA	103	127
polyA	103	128
polyA	104	115
polyA	104	116
polyA	104	117
polyA	104	118
polyA	104	119
polyA	104	120
polyA	104	121
polyA	104	122
polyA	104	123
polyA	104	124
polyA	104	125
polyA	104	126
polyA	104	127
polyA	104	128
polyA	105	116
polyA	105	117
polyA	105	118
polyA	105	119
polyA	105	120
polyA	105	121
polyA	105	122
polyA	105	123
polyA	105	124
polyA	105	125
polyA	105	126
polyA	105	127
polyA	105	128
polyA	106	117
polyA	106	118
polyA	106	119
polyA	106	120
polyA	106	121
polyA	106	122
polyA	106	123
polyA	106	124
polyA	106	125
polyA	106	126
polyA	106	127
polyA	106	128
polyA	107	118
polyA	107	119
polyA	107	120
polyA	107	121
polyA	107	122
polyA	107	123
polyA	107	124
polyA	107	125
polyA	107	126
polyA	107	127
polyA	107	128
polyA	108	119
polyA	108	120
polyA	108	121
polyA	108	122
polyA	108	123
polyA	108	124
polyA	108	125
polyA	108	126
polyA	108	127
polyA	108	128
polyA	109	120
polyA	109	121
polyA	109	122
polyA	109	123
polyA	109	124
polyA	109	125
polyA	109	126
polyA	109	127
polyA	109	128
polyA	110	121
polyA	110	122
polyA	110	123
polyA	110	124
polyA	110	125
polyA	110	126
polyA	110	127
polyA	110	128
polyA	111	122
polyA	111	123
polyA	111	124
polyA	111	125
polyA	111	126
polyA	111	127
polyA	111	128
polyA	112	123
polyA	112	124
polyA	112	125
polyA	112	126
polyA	112	127
polyA	112	128
polyA	113	124
polyA	113	125
polyA	113	126
polyA	113	127
polyA	113	128
polyA	114	125
polyA	114	126
polyA	114	127
polyA	114	128
polyA	115	126
polyA	115	127
polyA	115	128
polyA	116	127
polyA	116	128
polyA	117	128
dinuc	14	42
dinuc	15	42
dinuc	15	43
dinuc	16	43
dinuc	16	44
dinuc	17	42
dinuc	17	43
dinuc	17	44
dinuc	17	45
dinuc	18	42
dinuc	18	43
dinuc	18	44
dinuc	18	45
dinuc	18	46
dinuc	19	41
dinuc	19	42
dinuc	19	43
dinuc	19	44
dinuc	19	45
dinuc	19	46
dinuc	19	47
dinuc	20	40
dinuc	20	41
dinuc	20	42
dinuc	20	43
dinuc	20	44
dinuc	20	45
dinuc	20	46
dinuc	20	47
dinuc	20	48
dinuc	21	41
dinuc	21	42
dinuc	21	43
dinuc	21	44
dinuc	21	45
dinuc	21	46
dinuc	21	47
dinuc	21	48
dinuc	21	49
dinuc	22	42
dinuc	22	43
dinuc	22	44
dinuc	22	45
dinuc	22	46
dinuc	22	47
dinuc	22	48
dinuc	22	49
dinuc	22	50
dinuc	23	43
dinuc	23	44
dinuc	23	45
dinuc	23	46
dinuc	23	47
dinuc	23	48
dinuc	23	49
dinuc	23	50
dinuc	23	51
dinuc	24	44
dinuc	24	45
dinuc	24	46
dinuc	24	47
dinuc	24	48
dinuc	24	49
dinuc	24	50
dinuc	24	51
dinuc	24	52
dinuc	25	45
dinuc	25	46
dinuc	25	47
dinuc	25	48
dinuc	25	49
dinuc	25	50
dinuc	25	51
dinuc	25	52
dinuc	25	53
dinuc	26	46
dinuc	26	47
dinuc	26	48
dinuc	26	49
dinuc	26	50
dinuc	26	51
dinuc	26	52
dinuc	26	53
dinuc	26	54
dinuc	27	47
dinuc	27	48
dinuc	27	49
dinuc	27	50
dinuc	27	51
dinuc	27	52
dinuc	27	53
dinuc	27	54
dinuc	27	55
dinuc	28	48
dinuc	28	49
dinuc	28	50
dinuc	28	52
dinuc	28	53
dinuc	28	56
dinuc	29	49
double test	18	45
double test	18	46
double test	19	44
double test	19	45
double test	19	46
double test	19	47
double test	20	44
double test	20	45
double test	20	46
double test	20	47
double test	20	48
double test	21	43
double test	21	44
double test	21	45
double test	21	46
double test	21	47
double test	21	48
double test	21	49
double test	22	42
double test	22	43
double test	22	44
double test	22	45
double test	22	46
double test	22	47
double test	22	48
double test	22	49
double test	22	50
double test	23	43
double test	23	44
double test	23	45
double test	23	46
double test	23	47
double test	23	48
double test	23	49
double test	23	50
double test	23	51
double test	24	44
double test	24	45
double test	24	46
double test	24	47
double test	24	48
double test	24	49
double test	24	50
double test	24	51
double test	24	52
double test	25	45
double test	25	46
double test	25	47
double test	25	48
double test	25	49
double test	25	50
double test	25	51
double test	25	52
double test	25	53
double test	26	46
double test	26	47
double test	26	48
double test	26	49
double test	26	50
double test	26	51
double test	26	52
double test	26	53
double test	26	54
double test	27	47
double test	27	48
double test	27	49
double test	27	50
double test	27	51
double test	27	52
double test	27	53
double test	27	54
double test	27	55
double test	28	48
double test	28	49
double test	28	50
double test	28	51
double test	28	52
double test	28	53
double test	29	49
double test	29	50
double test	29	51
double test	30	50
double test	36	64
double test	37	64
double test	37	65
double test	38	65
double test	38	66
double test	39	65
double test	39	66
double test	39	67
double test	40	65
double test	40	66
double test	40	67
double test	40	68
double test	41	65
double test	41	66
double test	41	67
double test	41	68
double test	41	69
double test	42	65
double test	42	66
double test	42	67
double test	42	68
double test	42	69
double test	42	70
double test	43	64
double test	43	65
double test	43	66
double test	43	67
double test	43	68
double test	43	69
double test	43	70
double test	44	64
double test	44	65
double test	44	66
double test	44	67
double test	44	68
double test	44	69
double test	44	70
double test	44	71
double test	45	64
double test	45	65
double test	45	66
double test	45	67
double test	45	68
double test	45	69
double test	45	70
double test	45	71
double test	45	72
double test	46	64
double test	46	65
double test	46	66
double test	46	67
double test	46	68
double test	46	69
double test	46	70
double test	46	71
double test	46	72
double test	46	73
double test	47	63
double test	47	64
double test	47	65
double test	47	66
double test	47	67
double test	47	68
double test	47	69
double test	47	70
double test	47	71
double test	47	72
double test	47	73
double test	47	74
double test	48	63
double test	48	64
double test	48	65
double test	48	66
double test	48	67
double test	48	68
double test	48	69
double test	48	70
double test	48	71
double test	48	72
double test	48	73
double test	48	74
double test	48	75
double test	49	62
double test	49	63
double test	49	64
double test	49	65
double test	49	66
double test	49	67
double test	49	68
double test	49	69
double test	49	70
double test	49	71
double test	49	72
double test	49	73
double test	49	74
double test	49	75
double test	49	76
double test	50	61
double test	50	62
double test	50	63
double test	50	64
double test	50	65
double test	50	66
double test	50	67
double test	50	68
double test	50	69
double test	50	70
double test	50	71
double test	50	72
double test	50	73
double test	50	74
double test	50	75
double test	50	76
double test	50	77
double test	51	62
double test	51	63
double test	51	64
double test	51	65
double test	51	66
double test	51	67
double test	51	68
double test	51	69
double test	51	70
double test	51	71
double test	51	72
double test	51	73
double test	51	74
double test	52	63
double test	52	64
double test	52	65
double test	52	66
double test	52	67
double test	52	68
double test	52	69
double test	52	70
double test	52	71
double test	53	64
double test	53	65
double test	53	66
double test	53	67
double test	53	68
double test	53	69
double test	54	65
double test	54	66
double test	54	67
double test	55	66
tEST	0	11
tEST	0	12
tEST	0	13
tEST	0	14
tEST	0	15
tEST	0	16
tEST	0	17
tEST	0	18
tEST	0	19
tEST	0	20
tEST	0	21
tEST	0	22
tEST	0	23
tEST	0	24
tEST	0	25
tEST	0	26
tEST	0	27
tEST	0	28
tEST	1	12
tEST	1	13
tEST	1	14
tEST	1	15
tEST	1	16
tEST	1	17
tEST	1	18
tEST	1	19
tEST	1	20
tEST	1	21
tEST	1	22
tEST	1	23
tEST	1	24
tEST	1	25
tEST	1	26
tEST	1	27
tEST	1	28
tEST	1	29
tEST	2	13
tEST	2	14
tEST	2	15
tEST	2	16
tEST	2	17
tEST	2	18
tEST	2	19
tEST	2	20
tEST	2	21
tEST	2	22
tEST	2	23
tEST	2	24
tEST	2	25
tEST	2	26
tEST	2	27
tEST	2	28
tEST	2	29
tEST	2	30
tEST	3	14
tEST	3	15
tEST	3	16
tEST	3	17
tEST	3	18
tEST	3	19
tEST	3	20
tEST	3	21
tEST	3	22
tEST	3	23
tEST	3	24
tEST	3	25
tEST	3	26
tEST	3	27
tEST	3	28
tEST	3	29
tEST	3	30
tEST	3	31
tEST	4	15
tEST	4	16
tEST	4	17
tEST	4	18
tEST	4	19
tEST	4	20
tEST	4	21
tEST	4	22
tEST	4	23
tEST	4	24
tEST	4	25
tEST	4	26
tEST	4	27
tEST	4	28
tEST	4	29
tEST	4	30
tEST	4	31
tEST	4	32
tEST	5	16
tEST	5	17
tEST	5	18
tEST	5	19
tEST	5	20
tEST	5	21
tEST	5	22
tEST	5	23
tEST	5	24
tEST	5	25
tEST	5	26
tEST	5	27
tEST	5	28
tEST	5	29
tEST	5	30
tEST	5	31
tEST	5	32
tEST	5	33
tEST	6	17
tEST	6	18
tEST	6	19
tEST	6	20
tEST	6	21
tEST	6	22
tEST	6	23
tEST	6	24
tEST	6	25
tEST	6	26
tEST	6	27
tEST	6	28
tEST	6	29
tEST	6	30
tEST	6	31
tEST	6	32
tEST	6	33
tEST	6	34
tEST	7	18
tEST	7	19
tEST	7	20
tEST	7	21
tEST	7	22
tEST	7	23
tEST	7	24
tEST	7	25
tEST	7	26
tEST	7	27
tEST	7	28
tEST	7	29
tEST	7	30
tEST	7	31
tEST	7	32
tEST	7	33
tEST	7	34
tEST	7	35
tEST	8	19
tEST	8	20
tEST	8	21
tEST	8	22
tEST	8	23
tEST	8	24
tEST	8	25
tEST	8	26
tEST	8	27
tEST	8	28
tEST	8	29
tEST	8	30
tEST	8	31
tEST	8	32
tEST	8	33
tEST	8	34
tEST	8	35
tEST	8	36
tEST	9	20
tEST	9	21
tEST	9	22
tEST	9	23
tEST	9	24
tEST	9	25
tEST	9	26
tEST	9	27
tEST	9	28
tEST	9	29
tEST	9	30
tEST	9	31
tEST	9	32
tEST	9	33
tEST	9	34
tEST	9	35
tEST	9	36
tEST	9	37
tEST	10	21
tEST	10	22
tEST	10	23
tEST	10	24
tEST	10	25
tEST	10	26
tEST	10	27
tEST	10	28
tEST	10	29
tEST	10	30
tEST	10	31
tEST	10	32
tEST	10	33
tEST	10	34
tEST	10	35
tEST	10	36
tEST	10	37
tEST	10	38
tEST	11	22
tEST	11	23
tEST	11	24
tEST	11	25
tEST	11	26
tEST	11	27
tEST	11	28
tEST	11	29
tEST	11	30
tEST	11	31
tEST	11	32
tEST	11	33
tEST	11	34
tEST	11	35
tEST	11	36
tEST	11	37
tEST	11	38
tEST	11	39
tEST	12	23
tEST	12	24
tEST	12	25
tEST	12	26
tEST	12	27
tEST	12	28
tEST	12	29
tEST	12	30
tEST	12	31
tEST	12	32
tEST	12	33
tEST	12	34
tEST	12	35
tEST	12	36
tEST	12	37
tEST	12	38
tEST	12	39
tEST	12	40
tEST	13	24
tEST	13	25
tEST	13	26
tEST	13	27
tEST	13	28
tEST	13	29
tEST	13	30
tEST	13	31
tEST	13	32
tEST	13	33
tEST	13	34
tEST	13	35
tEST	13	36
tEST	13	37
tEST	13	38
tEST	13	39
tEST	13	40
tEST	13	41
tEST	14	25
tEST	14	26
tEST	14	27
tEST	14	28
tEST	14	29
tEST	14	30
tEST	14	31
tEST	14	32
tEST	14	33
tEST	14	34
tEST	14	35
tEST	14	36
tEST	14	37
tEST	14	38
tEST	14	39
tEST	14	40
tEST	14	41
tEST	14	42
tEST	15	26
tEST	15	27
tEST	15	28
tEST	15	29
tEST	15	30
tEST	15	31
tEST	15	32
tEST	15	33
tEST	15	34
tEST	15	35
tEST	15	36
tEST	15	37
tEST	15	38
tEST	15	39
tEST	15	40
tEST	15	41
tEST	15	42
tEST	15	43
tEST	16	27
tEST	16	28
tEST	16	29
tEST	16	30
tEST	16	31
tEST	16	32
tEST	16	33
tEST	16	34
tEST	16	35
tEST	16	36
tEST	16	37
tEST	16	38
tEST	16	39
tEST	16	40
tEST	16	41
tEST	16	42
tEST	16	43
tEST	16	44
tEST	17	28
tEST	17	29
tEST	17	30
tEST	17	31
tEST	17	32
tEST	17	33
tEST	17	34
tEST	17	35
tEST	17	36
tEST	17	37
tEST	17	38
tEST	17	39
tEST	17	40
tEST	17	41
tEST	17	42
tEST	17	43
tEST	17	44
tEST	17	45
tEST	18	29
tEST	18	30
tEST	18	31
tEST	18	32
tEST	18	33
tEST	18	34
tEST	18	35
tEST	18	36
tEST	18	37
tEST	18	38
tEST	18	39
tEST	18	40
tEST	18	41
tEST	18	42
tEST	18	43
tEST	18	44
tEST	18	45
tEST	18	46
tEST	19	30
tEST	19	31
tEST	19	32
tEST	19	33
tEST	19	34
tEST	19	35
tEST	19	36
tEST	19	37
tEST	19	38
tEST	19	39
tEST	19	40
tEST	19	41
tEST	19	42
tEST	19	43
tEST	19	44
tEST	19	45
tEST	19	46
tEST	19	47
tEST	20	31
tEST	20	32
tEST	20	33
tEST	20	34
tEST	20	35
tEST	20	36
tEST	20	37
tEST	20	38
tEST	20	39
tEST	20	40
tEST	20	41
tEST	20	42
tEST	20	43
tEST	20	44
tEST	20	45
tEST	20	46
tEST	20	47
tEST	20	48
tEST	21	32
tEST	21	33
tEST	21	34
tEST	21	35
tEST	21	36
tEST	21	37
tEST	21	38
tEST	21	39
tEST	21	40
tEST	21	41
tEST	21	42
tEST	21	43
tEST	21	44
tEST	21	45
tEST	21	46
tEST	21	47
tEST	21	48
tEST	21	49
tEST	22	33
tEST	22	34
tEST	22	35
tEST	22	36
tEST	22	37
tEST	22	38
tEST	22	39
tEST	22	40
tEST	22	41
tEST	22	42
tEST	22	43
tEST	22	44
tEST	22	45
tEST	22	46
tEST	22	47
tEST	22	48
tEST	22	49
tEST	22	50
tEST	23	34
tEST	23	35
tEST	23	36
tEST	23	37
tEST	23	38
tEST	23	39
tEST	23	40
tEST	23	41
tEST	23	42
tEST	23	43
tEST	23	44
tEST	23	45
tEST	23	46
tEST	23	47
tEST	23	48
tEST	23	49
tEST	23	50
tEST	23	51
tEST	24	35
tEST	24	36
tEST	24	37
tEST	24	38
tEST	24	39
tEST	24	40
tEST	24	41
tEST	24	42
tEST	24	43
tEST	24	44
tEST	24	45
tEST	24	46
tEST	24	47
tEST	24	48
tEST	24	49
tEST	24	50
tEST	24	51
tEST	24	52
tEST	25	36
tEST	25	37
tEST	25	38
tEST	25	39
tEST	25	40
tEST	25	41
tEST	25	42
tEST	25	43
tEST	25	44
tEST	25	45
tEST	25	46
tEST	25	47
tEST	25	48
tEST	25	49
tEST	25	50
tEST	25	51
tEST	25	52
tEST	25	53
tEST	26	37
tEST	26	38
tEST	26	39
tEST	26	40
tEST	26	41
tEST	26	42
tEST	26	43
tEST	26	44
tEST	26	45
tEST	26	46
tEST	26	47
tEST	26	48
tEST	26	49
tEST	26	50
tEST	26	51
tEST	26	52
tEST	26	53
tEST	26	54
tEST	27	38
tEST	27	39
tEST	27	40
tEST	27	41
tEST	27	42
tEST	27	43
tEST	27	44
tEST	27	45
tEST	27	46
tEST	27	47
tEST	27	48
tEST	27	49
tEST	27	50
tEST	27	51
tEST	27	52
tEST	27	53
tEST	27	54
tEST	27	55
tEST	28	39
tEST	28	40
tEST	28	41
tEST	28	42
tEST	28	43
tEST	28	44
tEST	28	45
tEST	28	46
tEST	28	47
tEST	28	48
tEST	28	49
tEST	28	50
tEST	28	51
tEST	28	52
tEST	28	53
tEST	28	54
tEST	28	55
tEST	28	56
tEST	29	40
tEST	29	41
tEST	29	42
tEST	29	43
tEST	29	44
tEST	29	45
tEST	29	46
tEST	29	47
tEST	29	48
tEST	29	49
tEST	29	50
tEST	29	51
tEST	29	52
tEST	29	53
tEST	29	54
tEST	29	55
tEST	29	56
tEST	29	57
tEST	30	41
tEST	30	42
tEST	30	43
tEST	30	44
tEST	30	45
tEST	30	46
tEST	30	47
tEST	30	48
tEST	30	49
tEST	30	50
tEST	30	51
tEST	30	52
tEST	30	53
tEST	30	54
tEST	30	55
tEST	30	56
tEST	30	57
tEST	30	58
tEST	31	42
tEST	31	43
tEST	31	44
tEST	31	45
tEST	31	46
tEST	31	47
tEST	31	48
tEST	31	49
tEST	31	50
tEST	31	51
tEST	31	52
tEST	31	53
tEST	31	54
tEST	31	55
tEST	31	56
tEST	31	57
tEST	31	58
tEST	31	59
tEST	32	43
tEST	32	44
tEST	32	45
tEST	32	46
tEST	32	47
tEST	32	48
tEST	32	49
tEST	32	50
tEST	32	51
tEST	32	52
tEST	32	53
tEST	32	54
tEST	32	55
tEST	32	56
tEST	32	57
tEST	32	58
tEST	32	59
tEST	32	60
tEST	33	44
tEST	33	45
tEST	33	46
tEST	33	47
tEST	33	48
tEST	33	49
tEST	33	50
tEST	33	51
tEST	33	52
tEST	33	53
tEST	33	54
tEST	33	55
tEST	33	56
tEST	33	57
tEST	33	58
tEST	33	59
tEST	33	60
tEST	33	61
tEST	34	45
tEST	34	46
tEST	34	47
tEST	34	48
tEST	34	49
tEST	34	50
tEST	34	51
tEST	34	52
tEST	34	53
tEST	34	54
tEST	34	55
tEST	34	56
tEST	34	57
tEST	34	58
tEST	34	59
tEST	34	60
tEST	34	61
tEST	34	62
tEST	35	46
tEST	35	47
tEST	35	48
tEST	35	49
tEST	35	50
tEST	35	51
tEST	35	52
tEST	35	53
tEST	35	54
tEST	35	55
tEST	35	56
tEST	35	57
tEST	35	58
tEST	35	59
tEST	35	60
tEST	35	61
tEST	35	62
tEST	35	63
tEST	36	47
tEST	36	48
tEST	36	49
tEST	36	50
tEST	36	51
tEST	36	52
tEST	36	53
tEST	36	54
tEST	36	55
tEST	36	56
tEST	36	57
tEST	36	58
tEST	36	59
tEST	36	60
tEST	36	61
tEST	36	62
tEST	36	63
tEST	36	64
tEST	37	48
tEST	37	49
tEST	37	50
tEST	37	51
tEST	37	52
tEST	37	53
tEST	37	54
tEST	37	55
tEST	37	56
tEST	37	57
tEST	37	58
tEST	37	59
tEST	37	60
tEST	37	61
tEST	37	62
tEST	37	63
tEST	37	64
tEST	37	65
tEST	38	49
tEST	38	50
tEST	38	51
tEST	38	52
tEST	38	53
tEST	38	54
tEST	38	55
tEST	38	56
tEST	38	57
tEST	38	58
tEST	38	59
tEST	38	60
tEST	38	61
tEST	38	62
tEST	38	63
tEST	38	64
tEST	38	65
tEST	38	66
tEST	39	50
tEST	39	51
tEST	39	52
tEST	39	53
tEST	39	54
tEST	39	55
tEST	39	56
tEST	39	57
tEST	39	58
tEST	39	59
tEST	39	60
tEST	39	61
tEST	39	62
tEST	39	63
tEST	39	64
tEST	39	65
tEST	39	66
tEST	39	67
tEST	40	51
tEST	40	52
tEST	40	53
tEST	40	54
tEST	40	55
tEST	40	56
tEST	40	57
tEST	40	58
tEST	40	59
tEST	40	60
tEST	40	61
tEST	40	62
tEST	40	63
tEST	40	64
tEST	40	65
tEST	40	66
tEST	40	67
tEST	40	68
tEST	41	52
tEST	41	53
tEST	41	54
tEST	41	55
tEST	41	56
tEST	41	57
tEST	41	58
tEST	41	59
tEST	41	60
tEST	41	61
tEST	41	62
tEST	41	63
tEST	41	64
tEST	41	65
tEST	41	66
tEST	41	67
tEST	41	68
tEST	41	69
tEST	42	53
tEST	42	54
tEST	42	55
tEST	42	56
tEST	42	57
tEST	42	58
tEST	42	59
tEST	42	60
tEST	42	61
tEST	42	62
tEST	42	63
tEST	42	64
tEST	42	65
tEST	42	66
tEST	42	67
tEST	42	68
tEST	42	69
tEST	42	70
tEST	43	54
tEST	43	55
tEST	43	56
tEST	43	57
tEST	43	58
tEST	43	59
tEST	43	60
tEST	43	61
tEST	43	62
tEST	43	63
tEST	43	64
tEST	43	65
tEST	43	66
tEST	43	67
tEST	43	68
tEST	43	69
tEST	43	70
tEST	43	71
tEST	44	55
tEST	44	56
tEST	44	57
tEST	44	58
tEST	44	59
tEST	44	60
tEST	44	61
tEST	44	62
tEST	44	63
tEST	44	64
tEST	44	65
tEST	44	66
tEST	44	67
tEST	44	68
tEST	44	69
tEST	44	70
tEST	44	71
tEST	44	72
tEST	45	56
tEST	45	57
tEST	45	58
tEST	45	59
tEST	45	60
tEST	45	61
tEST	45	62
tEST	45	63
tEST	45	64
tEST	45	65
tEST	45	66
tEST	45	67
tEST	45	68
tEST	45	69
tEST	45	70
tEST	45	71
tEST	45	72
tEST	45	73
tEST	46	57
tEST	46	58
tEST	46	59
tEST	46	60
tEST	46	61
tEST	46	62
tEST	46	63
tEST	46	64
tEST	46	65
tEST	46	66
tEST	46	67
tEST	46	68
tEST	46	69
tEST	46	70
tEST	46	71
tEST	46	72
tEST	46	73
tEST	46	74
tEST	47	58
tEST	47	59
tEST	47	60
tEST	47	61
tEST	47	62
tEST	47	63
tEST	47	64
tEST	47	65
tEST	47	66
tEST	47	67
tEST	47	68
tEST	47	69
tEST	47	70
tEST	47	71
tEST	47	72
tEST	47	73
tEST	47	74
tEST	48	59
tEST	48	60
tEST	48	61
tEST	48	62
tEST	48	63
tEST	48	64
tEST	48	65
tEST	48	66
tEST	48	67
tEST	48	68
tEST	48	69
tEST	48	70
tEST	48	71
tEST	48	72
tEST	48	73
tEST	48	74
tEST	49	60
tEST	49	61
tEST	49	62
tEST	49	63
tEST	49	64
tEST	49	65
tEST	49	66
tEST	49	67
tEST	49	68
tEST	49	69
tEST	49	70
tEST	49	71
tEST	49	72
tEST	49	73
tEST	49	74
tEST	50	61
tEST	50	62
tEST	50	63
tEST	50	64
tEST	50	65
tEST	50	66
tEST	50	67
tEST	50	68
tEST	50	69
tEST	50	70
tEST	50	71
tEST	50	72
tEST	50	73
tEST	50	74
tEST	51	62
tEST	51	63
tEST	51	64
tEST	51	65
tEST	51	66
tEST	51	67
tEST	51	68
tEST	51	69
tEST	51	70
tEST	51	71
tEST	51	72
tEST	51	73
tEST	51	74
tEST	52	63
tEST	52	64
tEST	52	65
tEST	52	66
tEST	52	67
tEST	52	68
tEST	52	69
tEST	52	70
tEST	52	71
tEST	52	72
tEST	52	73
tEST	52	74
tEST	53	64
tEST	53	65
tEST	53	66
tEST	53	67
tEST	53	68
tEST	53	69
tEST	53	70
tEST	53	71
tEST	53	72
tEST	53	73
tEST	53	74
tEST	54	65
tEST	54	66
tEST	54	67
tEST	54	68
tEST	54	69
tEST	54	70
tEST	54	71
tEST	54	72
tEST	54	73
tEST	54	74
tEST	55	66
tEST	55	67
tEST	55	68
tEST	55	69
tEST	55	70
tEST	55	71
tEST	55	72
tEST	55	73
tEST	55	74
tEST	56	67
tEST	56	68
tEST	56	69
tEST	56	70
tEST	56	71
tEST	56	72
tEST	56	73
tEST	56	74
tEST	57	68
tEST	57	69
tEST	57	70
tEST	57	71
tEST	57	72
tEST	57	73
tEST	57	74
tEST	58	69
tEST	58	70
tEST	58	71
tEST	58	72
tEST	58	73
tEST	58	74
tEST	59	70
tEST	59	71
tEST	59	72
tEST	59	73
tEST	59	74
tEST	60	71
tEST	60	72
tEST	60	73
tEST	60	74
tEST	61	72
tEST	61	73
tEST	61	74
tEST	62	73
tEST	62	74
tEST	63	74
